{"_id":{"$oid":"5ebe4c5e61fd313276bd6649"},"id":"1433018","gender":"female","margin":"13","year":"23"}
{"_id":{"$oid":"5ebe4c5e61fd313276bd664a"},"id":"1433406","gender":"female","margin":"11","year":"15"}
{"_id":{"$oid":"5ebe4c5e61fd313276bd664b"},"id":"1456220","gender":"female","margin":"11","year":"25"}
{"_id":{"$oid":"5ebe4c5e61fd313276bd664c"},"id":"1537934","gender":"male","margin":"10","year":"21"}
{"_id":{"$oid":"5ebe4c5e61fd313276bd664d"},"id":"1559425","gender":"female","margin":"11","year":"22"}
{"_id":{"$oid":"5ebe4c5e61fd313276bd664e"},"id":"1576001","gender":"female","margin":"5","year":"21"}
{"_id":{"$oid":"5ebe4c5e61fd313276bd664f"},"id":"1674425","gender":"female","margin":"18","year":"25"}
{"_id":{"$oid":"5ebe4c5e61fd313276bd6650"},"id":"1733701","gender":"male","margin":"0","year":"29"}
{"_id":{"$oid":"5ebe4c5e61fd313276bd6651"},"id":"1796136","gender":"female","margin":"8","year":"37"}
{"_id":{"$oid":"5ebe4c5e61fd313276bd6652"},"id":"1917128","gender":"female","margin":"10","year":"24"}
{"_id":{"$oid":"5ebe4c5e61fd313276bd6653"},"id":"1925325","gender":"female","margin":"11","year":"32"}
{"_id":{"$oid":"5ebe4c5e61fd313276bd6654"},"id":"1976613","gender":"female","margin":"18","year":"32"}
{"_id":{"$oid":"5ebe4c5e61fd313276bd6655"},"id":"1976807","gender":"female","margin":"11","year":"28"}
{"_id":{"$oid":"5ebe4c5e61fd313276bd6656"},"id":"2006503","gender":"female","margin":"15","year":"33"}
{"_id":{"$oid":"5ebe4c5e61fd313276bd6657"},"id":"2013123","gender":"male","margin":"0","year":"17"}
{"_id":{"$oid":"5ebe4c5e61fd313276bd6658"},"id":"2067627","gender":"female","margin":"8","year":"26"}
{"_id":{"$oid":"5ebe4c5e61fd313276bd6659"},"id":"2075533","gender":"female","margin":"10","year":"33"}
{"_id":{"$oid":"5ebe4c5e61fd313276bd665a"},"id":"2126709","gender":"male","margin":"6","year":"26"}
{"_id":{"$oid":"5ebe4c5e61fd313276bd665b"},"id":"2144026","gender":"male","margin":"11","year":"25"}
{"_id":{"$oid":"5ebe4c5e61fd313276bd665c"},"id":"2150621","gender":"male","margin":"13","year":"33"}
{"_id":{"$oid":"5ebe4c5e61fd313276bd665d"},"id":"2163502","gender":"male","margin":"6","year":"35"}
{"_id":{"$oid":"5ebe4c5e61fd313276bd665e"},"id":"2170413","gender":"female","margin":"8","year":"38"}
{"_id":{"$oid":"5ebe4c5e61fd313276bd665f"},"id":"2184520","gender":"female","margin":"10","year":"39"}
{"_id":{"$oid":"5ebe4c5e61fd313276bd6660"},"id":"2185224","gender":"female","margin":"10","year":"39"}
{"_id":{"$oid":"5ebe4c5e61fd313276bd6661"},"id":"2192814","gender":"male","margin":"8","year":"36"}
{"_id":{"$oid":"5ebe4c5e61fd313276bd6662"},"id":"2210116","gender":"male","margin":"7","year":"42"}
{"_id":{"$oid":"5ebe4c5e61fd313276bd6663"},"id":"2220206","gender":"female","margin":"4","year":"37"}
{"_id":{"$oid":"5ebe4c5e61fd313276bd6664"},"id":"2222718","gender":"male","margin":"6","year":"38"}
{"_id":{"$oid":"5ebe4c5e61fd313276bd6665"},"id":"2237007","gender":"male","margin":"1","year":"34"}
{"_id":{"$oid":"5ebe4c5e61fd313276bd6666"},"id":"2237335","gender":"female","margin":"6","year":"38"}
{"_id":{"$oid":"5ebe4c5e61fd313276bd6667"},"id":"2247134","gender":"male","margin":"14","year":"43"}
{"_id":{"$oid":"5ebe4c5e61fd313276bd6668"},"id":"2261926","gender":"male","margin":"7","year":"38"}
{"_id":{"$oid":"5ebe4c5e61fd313276bd6669"},"id":"2262727","gender":"male","margin":"3","year":"35"}
{"_id":{"$oid":"5ebe4c5e61fd313276bd666a"},"id":"2262824","gender":"male","margin":"4","year":"38"}
{"_id":{"$oid":"5ebe4c5e61fd313276bd666b"},"id":"2311622","gender":"female","margin":"6","year":"41"}
{"_id":{"$oid":"5ebe4c5e61fd313276bd666c"},"id":"2413213","gender":"female","margin":"7","year":"41"}
{"_id":{"$oid":"5ebe4c5e61fd313276bd666d"},"id":"2421313","gender":"male","margin":"4","year":"39"}
{"_id":{"$oid":"5ebe4c5e61fd313276bd666e"},"id":"2506425","gender":"male","margin":"7","year":"42"}
{"_id":{"$oid":"5ebe4c5e61fd313276bd666f"},"id":"2515326","gender":"female","margin":"9","year":"32"}
{"_id":{"$oid":"5ebe4c5e61fd313276bd6670"},"id":"2515908","gender":"female","margin":"7","year":"42"}
{"_id":{"$oid":"5ebe4c5e61fd313276bd6671"},"id":"2517025","gender":"male","margin":"10","year":"44"}
{"_id":{"$oid":"5ebe4c5e61fd313276bd6672"},"id":"2522200","gender":"female","margin":"1","year":"37"}
{"_id":{"$oid":"5ecf9427df114e7270ffe185"},"id":"0077777","gender":"female","margin":0,"year":34}
{"_id":{"$oid":"5ecf978edf114e72700026ef"},"id":"8888888","gender":"male","margin":0,"year":45}
{"_id":{"$oid":"5ecf99e6df114e72700040d6"},"id":"7777777","gender":"female","margin":0,"year":38}
