{"_id":{"$oid":"5ecc5aeadf114e7270f6bf18"},"id":"1433406","checkin":"06:55","checkindatetime":"20200526065518","checkinEmotion":{"gender":"female","age":57.0,"emotion":{"anger":0.005,"contempt":0.002,"disgust":0.004,"fear":0.009,"happiness":0.123,"neutral":0.703,"sadness":0.043,"surprise":0.11}},"checkinEmo":"happiness","checkinImageCrop":"2020-05-26-1-06551824-crop.jpg","camerain":1,"checkout":"15:35","checkoutEmotion":{"gender":"female","age":50.0,"emotion":{"anger":0.002,"contempt":0.012,"disgust":0.001,"fear":0.0,"happiness":0.002,"neutral":0.955,"sadness":0.027,"surprise":0.001}},"checkoutEmo":"sadness","checkoutImageCrop":"2020-05-26-2-15353826-crop.jpg","cameraout":2,"checkoutdatetime":"20200526153538"}
{"_id":{"$oid":"5ecc5ed2df114e7270f6c1a8"},"id":"1733701","checkin":"07:11","checkindatetime":"20200526071158","checkinEmotion":{"gender":"male","age":68.0,"emotion":{"anger":0.0,"contempt":0.0,"disgust":0.0,"fear":0.0,"happiness":0.0,"neutral":0.94,"sadness":0.059,"surprise":0.0}},"checkinEmo":"sadness","checkinImageCrop":"2020-05-26-1-07115818-crop.jpg","camerain":1,"checkout":"","checkoutEmotion":{"gender":"","age":0},"checkoutEmo":"","checkoutImageCrop":"","cameraout":0,"checkoutdatetime":""}
{"_id":{"$oid":"5ecc6387df114e7270f6c4ec"},"id":"1674425","checkin":"07:32","checkindatetime":"20200526073201","checkinEmotion":{"gender":"female","age":55,"emotion":{"anger":0,"contempt":0,"disgust":0,"fear":0,"happiness":0,"neutral":1,"sadness":0,"surprise":0}},"checkinEmo":"neutral","checkinImageCrop":"2020-05-26-1-07320126-crop.jpg","camerain":1,"checkout":"14:42","checkoutEmotion":{"gender":"female","age":55,"emotion":{"anger":0,"contempt":0,"disgust":0,"fear":0,"happiness":0,"neutral":1,"sadness":0,"surprise":0}},"checkoutEmo":"neutral","checkoutImageCrop":"2020-05-26-2-14425520-crop.jpg","cameraout":2,"checkoutdatetime":"20200526144255"}
{"_id":{"$oid":"5ecc6d0adf114e7270f6cafb"},"id":"2522200","checkin":"08:12","checkindatetime":"20200526081238","checkinEmotion":{"gender":"female","age":24.0,"emotion":{"anger":0.0,"contempt":0.001,"disgust":0.0,"fear":0.0,"happiness":0.026,"neutral":0.961,"sadness":0.012,"surprise":0.0}},"checkinEmo":"happiness","checkinImageCrop":"2020-05-26-3-08123828-crop.jpg","camerain":3,"checkout":"13:50","checkoutEmotion":{"gender":"female","age":26.0,"emotion":{"anger":0.0,"contempt":0.186,"disgust":0.002,"fear":0.0,"happiness":0.007,"neutral":0.795,"sadness":0.01,"surprise":0.0}},"checkoutEmo":"contempt","checkoutImageCrop":"2020-05-26-2-13503326-crop.jpg","cameraout":2,"checkoutdatetime":"20200526135033"}
{"_id":{"$oid":"5ecc6df2df114e7270f6cb9b"},"id":"2237335","checkin":"08:16","checkindatetime":"20200526081627","checkinEmotion":{"gender":"female","age":30.0,"emotion":{"anger":0.0,"contempt":0.005,"disgust":0.0,"fear":0.0,"happiness":0.392,"neutral":0.601,"sadness":0.002,"surprise":0.0}},"checkinEmo":"happiness","checkinImageCrop":"2020-05-26-3-08162712-crop.jpg","camerain":3,"checkout":"","checkoutEmotion":{"gender":"","age":0},"checkoutEmo":"","checkoutImageCrop":"","cameraout":0,"checkoutdatetime":""}
{"_id":{"$oid":"5ecc8658df114e7270f6db3e"},"id":"2262824","checkin":"10:00","checkindatetime":"20200526100035","checkinEmotion":{"gender":"male","age":28,"emotion":{"anger":0,"contempt":0,"disgust":0,"fear":0,"happiness":0,"neutral":1,"sadness":0,"surprise":0}},"checkinEmo":"neutral","checkinImageCrop":"2020-05-26-1-10003526-crop.jpg","camerain":1,"checkout":"","checkoutEmotion":{"gender":"","age":0},"checkoutEmo":"","checkoutImageCrop":"","cameraout":0,"checkoutdatetime":""}
{"_id":{"$oid":"5eccab77df114e7270f6f255"},"id":"1796136","checkin":"12:38","checkindatetime":"20200526123859","checkinEmotion":{"gender":"female","age":48.0,"emotion":{"anger":0.0,"contempt":0.001,"disgust":0.0,"fear":0.019,"happiness":0.079,"neutral":0.878,"sadness":0.011,"surprise":0.011}},"checkinEmo":"happiness","checkinImageCrop":"2020-05-26-1-12385918-crop.jpg","camerain":1,"checkout":"","checkoutEmotion":{"gender":"","age":0},"checkoutEmo":"","checkoutImageCrop":"","cameraout":0,"checkoutdatetime":""}
{"_id":{"$oid":"5eccb354df114e7270f6f7a7"},"id":"2261926","checkin":"13:12","checkindatetime":"20200526131230","checkinEmotion":{"gender":"male","age":47.0,"emotion":{"anger":0.0,"contempt":0.0,"disgust":0.0,"fear":0.0,"happiness":0.001,"neutral":0.992,"sadness":0.005,"surprise":0.002}},"checkinEmo":"sadness","checkinImageCrop":"2020-05-26-1-13123044-crop.jpg","camerain":1,"checkout":"","checkoutEmotion":{"gender":"","age":0},"checkoutEmo":"","checkoutImageCrop":"","cameraout":0,"checkoutdatetime":""}
{"_id":{"$oid":"5eccb56bdf114e7270f6f90f"},"id":"2506425","checkin":"13:21","checkindatetime":"20200526132127","checkinEmotion":{"gender":"male","age":45.0,"emotion":{"anger":0.001,"contempt":0.001,"disgust":0.001,"fear":0.0,"happiness":0.387,"neutral":0.602,"sadness":0.007,"surprise":0.001}},"checkinEmo":"happiness","checkinImageCrop":"2020-05-26-3-13212738-crop.jpg","camerain":3,"checkout":"","checkoutEmotion":{"gender":"","age":0},"checkoutEmo":"","checkoutImageCrop":"","cameraout":0,"checkoutdatetime":""}
{"_id":{"$oid":"5eccb584df114e7270f6f93d"},"id":"2517025","checkin":"13:21","checkindatetime":"20200526132150","checkinEmotion":{"gender":"male","age":28,"emotion":{"anger":0,"contempt":0,"disgust":0,"fear":0,"happiness":0,"neutral":1,"sadness":0,"surprise":0}},"checkinEmo":"neutral","checkinImageCrop":"2020-05-26-3-13215040-crop.jpg","camerain":3,"checkout":"","checkoutEmotion":{"gender":"","age":0},"checkoutEmo":"","checkoutImageCrop":"","cameraout":0,"checkoutdatetime":""}
{"_id":{"$oid":"5eccbceedf114e7270f6fbb4"},"id":"1537934","checkin":"13:53","checkindatetime":"20200526135330","checkinEmotion":{"gender":"male","age":46.0,"emotion":{"anger":0.0,"contempt":0.002,"disgust":0.0,"fear":0.0,"happiness":0.001,"neutral":0.996,"sadness":0.002,"surprise":0.0}},"checkinEmo":"contempt","checkinImageCrop":"2020-05-26-1-13533026-crop.jpg","camerain":1,"checkout":"","checkoutEmotion":{"gender":"","age":0},"checkoutEmo":"","checkoutImageCrop":"","cameraout":0,"checkoutdatetime":""}
{"_id":{"$oid":"5eccc317df114e7270f6fc13"},"id":"2515326","checkin":"14:19","checkindatetime":"20200526141947","checkinEmotion":{"gender":"female","age":35.0,"emotion":{"anger":0.0,"contempt":0.001,"disgust":0.0,"fear":0.0,"happiness":0.462,"neutral":0.534,"sadness":0.002,"surprise":0.001}},"checkinEmo":"happiness","checkinImageCrop":"2020-05-26-1-14194736-crop.jpg","camerain":1,"checkout":"","checkoutEmotion":{"gender":"","age":0},"checkoutEmo":"","checkoutImageCrop":"","cameraout":0,"checkoutdatetime":""}
{"_id":{"$oid":"5eccd346df114e7270f6fcbd"},"id":"2210116","checkin":"15:28","checkindatetime":"20200526152850","checkinEmotion":{"gender":"male","age":39.0,"emotion":{"anger":0.0,"contempt":0.0,"disgust":0.0,"fear":0.0,"happiness":0.0,"neutral":0.997,"sadness":0.002,"surprise":0.0}},"checkinEmo":"sadness","checkinImageCrop":"2020-05-26-3-15285058-crop.jpg","camerain":3,"checkout":"","checkoutEmotion":{"gender":"","age":0},"checkoutEmo":"","checkoutImageCrop":"","cameraout":0,"checkoutdatetime":""}
