{"_id":{"$oid":"5e96681adf114e7270e2bd8c"},"id":"2126709","checkin":"08:49","checkindatetime":"20200415084909","checkinMonth":"2020-04","checkinImageCrop":"2020-04-15-1-08490916-crop.jpg","camerain":1,"checkout":"","checkoutEmotion":{"gender":"","age":0},"checkoutEmo":"","checkoutImageCrop":"","cameraout":0,"checkoutdatetime":"","checkoutMonth":""}
{"_id":{"$oid":"5e9670fbdf114e7270e2bdae"},"id":"2262727","checkin":"09:27","checkindatetime":"20200415092702","checkinMonth":"2020-04","checkinImageCrop":"2020-04-15-1-09270246-crop.jpg","camerain":1,"checkout":"","checkoutEmotion":{"gender":"","age":0},"checkoutEmo":"","checkoutImageCrop":"","cameraout":0,"checkoutdatetime":"","checkoutMonth":""}
{"_id":{"$oid":"5e967491df114e7270e2bdc1"},"id":"1433406","checkin":"09:42","checkindatetime":"20200415094217","checkinMonth":"2020-04","checkinImageCrop":"2020-04-15-1-09421762-crop.jpg","camerain":1,"checkout":"","checkoutEmotion":{"gender":"","age":0},"checkoutEmo":"","checkoutImageCrop":"","cameraout":0,"checkoutdatetime":"","checkoutMonth":""}
{"_id":{"$oid":"5e9675e0df114e7270e2bdd1"},"id":"1674425","checkin":"09:47","checkindatetime":"20200415094755","checkinMonth":"2020-04","checkinImageCrop":"2020-04-15-1-09475561-crop.jpg","camerain":1,"checkout":"","checkoutEmotion":{"gender":"","age":0},"checkoutEmo":"","checkoutImageCrop":"","cameraout":0,"checkoutdatetime":"","checkoutMonth":""}
{"_id":{"$oid":"5e968849df114e7270e2be1b"},"id":"2247134","checkin":"11:06","checkindatetime":"20200415110625","checkinMonth":"2020-04","checkinImageCrop":"2020-04-15-1-11062598-crop.jpg","camerain":1,"checkout":"","checkoutEmotion":{"gender":"","age":0},"checkoutEmo":"","checkoutImageCrop":"","cameraout":0,"checkoutdatetime":"","checkoutMonth":""}
{"_id":{"$oid":"5e96aafedf114e7270e2be82"},"id":"2185224","checkin":"13:34","checkindatetime":"20200415133433","checkinMonth":"2020-04","checkinImageCrop":"2020-04-15-1-13343337-crop.jpg","camerain":1,"checkout":"","checkoutEmotion":{"gender":"","age":0},"checkoutEmo":"","checkoutImageCrop":"","cameraout":0,"checkoutdatetime":"","checkoutMonth":""}
{"_id":{"$oid":"5e96ab02df114e7270e2be91"},"id":"1576001","checkin":"13:34","checkindatetime":"20200415133438","checkinMonth":"2020-04","checkinImageCrop":"2020-04-15-1-13343835-crop.jpg","camerain":1,"checkout":"","checkoutEmotion":{"gender":"","age":0},"checkoutEmo":"","checkoutImageCrop":"","cameraout":0,"checkoutdatetime":"","checkoutMonth":""}
{"_id":{"$oid":"5e96ac7bdf114e7270e2bee4"},"id":"2522200","checkin":"13:40","checkindatetime":"20200415134054","checkinMonth":"2020-04","checkinImageCrop":"2020-04-15-1-13405458-crop.jpg","camerain":1,"checkout":"","checkoutEmotion":{"gender":"","age":0},"checkoutEmo":"","checkoutImageCrop":"","cameraout":0,"checkoutdatetime":"","checkoutMonth":""}
{"_id":{"$oid":"5e96ac7edf114e7270e2beff"},"id":"2184520","checkin":"13:40","checkindatetime":"20200415134057","checkinMonth":"2020-04","checkinImageCrop":"2020-04-15-1-1340571-crop.jpg","camerain":1,"checkout":"","checkoutEmotion":{"gender":"","age":0},"checkoutEmo":"","checkoutImageCrop":"","cameraout":0,"checkoutdatetime":"","checkoutMonth":""}
{"_id":{"$oid":"5e96acdbdf114e7270e2bf1a"},"id":"2237335","checkin":"13:42","checkindatetime":"20200415134230","checkinMonth":"2020-04","checkinImageCrop":"2020-04-15-1-13423026-crop.jpg","camerain":1,"checkout":"","checkoutEmotion":{"gender":"","age":0},"checkoutEmo":"","checkoutImageCrop":"","cameraout":0,"checkoutdatetime":"","checkoutMonth":""}
{"_id":{"$oid":"5e96ad6edf114e7270e2bf41"},"id":"2184521","checkin":"13:44","checkindatetime":"20200415134459","checkinMonth":"2020-04","checkinImageCrop":"2020-04-15-1-1344593-crop.jpg","camerain":1,"checkout":"","checkoutEmotion":{"gender":"","age":0},"checkoutEmo":"","checkoutImageCrop":"","cameraout":0,"checkoutdatetime":"","checkoutMonth":""}
{"_id":{"$oid":"5e96adacdf114e7270e2bf63"},"id":"1796136","checkin":"13:45","checkindatetime":"20200415134559","checkinMonth":"2020-04","checkinImageCrop":"2020-04-15-1-13455955-crop.jpg","camerain":1,"checkout":"","checkoutEmotion":{"gender":"","age":0},"checkoutEmo":"","checkoutImageCrop":"","cameraout":0,"checkoutdatetime":"","checkoutMonth":""}
