{"_id":{"$oid":"5ecb0f8ddf114e7270eca766"},"id":"1733701","checkin":"07:21","checkindatetime":"20200525072128","checkinEmotion":{"gender":"male","age":74.0,"emotion":{"anger":0.0,"contempt":0.0,"disgust":0.0,"fear":0.0,"happiness":1.0,"neutral":0.0,"sadness":0.0,"surprise":0.0}},"checkinEmo":"happiness","checkinImageCrop":"2020-05-25-1-07212842-crop.jpg","camerain":1,"checkout":"","checkoutEmotion":{"gender":"","age":0},"checkoutEmo":"","checkoutImageCrop":"","cameraout":0,"checkoutdatetime":""}
{"_id":{"$oid":"5ecb14a3df114e7270eca7f4"},"id":"1537934","checkin":"07:43","checkindatetime":"20200525074311","checkinEmotion":{"gender":"male","age":64.0,"emotion":{"anger":0.0,"contempt":0.001,"disgust":0.001,"fear":0.0,"happiness":0.952,"neutral":0.045,"sadness":0.0,"surprise":0.0}},"checkinEmo":"happiness","checkinImageCrop":"2020-05-25-1-07431126-crop.jpg","camerain":1,"checkout":"","checkoutEmotion":{"gender":"","age":0},"checkoutEmo":"","checkoutImageCrop":"","cameraout":0,"checkoutdatetime":""}
{"_id":{"$oid":"5ecb166bdf114e7270eca830"},"id":"1674425","checkin":"07:50","checkindatetime":"20200525075044","checkinEmotion":{"gender":"female","age":43.0,"emotion":{"anger":0.002,"contempt":0.004,"disgust":0.0,"fear":0.0,"happiness":0.015,"neutral":0.964,"sadness":0.015,"surprise":0.0}},"checkinEmo":"happiness","checkinImageCrop":"2020-05-25-3-07504454-crop.jpg","camerain":3,"checkout":"13:30","checkoutEmotion":{"gender":"female","age":55,"emotion":{"anger":0,"contempt":0,"disgust":0,"fear":0,"happiness":0,"neutral":1,"sadness":0,"surprise":0}},"checkoutEmo":"neutral","checkoutImageCrop":"2020-05-25-4-13300620-crop.jpg","cameraout":4,"checkoutdatetime":"20200525133006"}
{"_id":{"$oid":"5ecb194edf114e7270eca89d"},"id":"2210116","checkin":"08:03","checkindatetime":"20200525080306","checkinEmotion":{"gender":"male","age":34.0,"emotion":{"anger":0.0,"contempt":0.0,"disgust":0.0,"fear":0.0,"happiness":1.0,"neutral":0.0,"sadness":0.0,"surprise":0.0}},"checkinEmo":"happiness","checkinImageCrop":"2020-05-25-3-08030644-crop.jpg","camerain":3,"checkout":"","checkoutEmotion":{"gender":"","age":0},"checkoutEmo":"","checkoutImageCrop":"","cameraout":0,"checkoutdatetime":""}
{"_id":{"$oid":"5ecb19c1df114e7270eca8b9"},"id":"1433406","checkin":"08:05","checkindatetime":"20200525080500","checkinEmotion":{"gender":"female","age":52.0,"emotion":{"anger":0.001,"contempt":0.076,"disgust":0.0,"fear":0.0,"happiness":0.008,"neutral":0.908,"sadness":0.006,"surprise":0.001}},"checkinEmo":"contempt","checkinImageCrop":"2020-05-25-1-0805008-crop.jpg","camerain":1,"checkout":"15:00","checkoutEmotion":{"gender":"female","age":59.0,"emotion":{"anger":0.0,"contempt":0.001,"disgust":0.0,"fear":0.0,"happiness":0.0,"neutral":0.987,"sadness":0.012,"surprise":0.0}},"checkoutEmo":"sadness","checkoutImageCrop":"2020-05-25-2-15003056-crop.jpg","cameraout":2,"checkoutdatetime":"20200525150030"}
{"_id":{"$oid":"5ecb1a0edf114e7270eca8d4"},"id":"1796136","checkin":"08:06","checkindatetime":"20200525080618","checkinEmotion":{"gender":"female","age":68.0,"emotion":{"anger":0.002,"contempt":0.001,"disgust":0.002,"fear":0.0,"happiness":0.008,"neutral":0.972,"sadness":0.012,"surprise":0.002}},"checkinEmo":"sadness","checkinImageCrop":"2020-05-25-1-08061858-crop.jpg","camerain":1,"checkout":"","checkoutEmotion":{"gender":"","age":0},"checkoutEmo":"","checkoutImageCrop":"","cameraout":0,"checkoutdatetime":""}
{"_id":{"$oid":"5ecb2cd9df114e7270ecaad3"},"id":"2261926","checkin":"09:26","checkindatetime":"20200525092628","checkinEmotion":{"gender":"male","age":31.0,"emotion":{"anger":0.0,"contempt":0.001,"disgust":0.0,"fear":0.0,"happiness":0.0,"neutral":0.999,"sadness":0.0,"surprise":0.0}},"checkinEmo":"contempt","checkinImageCrop":"2020-05-25-3-09262824-crop.jpg","camerain":3,"checkout":"","checkoutEmotion":{"gender":"","age":0},"checkoutEmo":"","checkoutImageCrop":"","cameraout":0,"checkoutdatetime":""}
{"_id":{"$oid":"5ecb2db5df114e7270ecaf79"},"id":"2421313","checkin":"09:30","checkindatetime":"20200525093009","checkinEmotion":{"gender":"male","age":28.0,"emotion":{"anger":0.0,"contempt":0.0,"disgust":0.0,"fear":0.0,"happiness":0.0,"neutral":0.923,"sadness":0.076,"surprise":0.0}},"checkinEmo":"sadness","checkinImageCrop":"2020-05-25-1-09300928-crop.jpg","camerain":1,"checkout":"","checkoutEmotion":{"gender":"","age":0},"checkoutEmo":"","checkoutImageCrop":"","cameraout":0,"checkoutdatetime":""}
{"_id":{"$oid":"5ecb3025df114e7270ecb886"},"id":"1433018","checkin":"09:40","checkindatetime":"20200525094031","checkinEmotion":{"gender":"female","age":59,"emotion":{"anger":0,"contempt":0,"disgust":0,"fear":0,"happiness":0,"neutral":1,"sadness":0,"surprise":0}},"checkinEmo":"neutral","checkinImageCrop":"2020-05-25-1-09403130-crop.jpg","camerain":1,"checkout":"","checkoutEmotion":{"gender":"","age":0},"checkoutEmo":"","checkoutImageCrop":"","cameraout":0,"checkoutdatetime":""}
{"_id":{"$oid":"5ecb41c6df114e7270f03ac2"},"id":"2517025","checkin":"10:55","checkindatetime":"20200525105545","checkinEmotion":{"gender":"male","age":28.0,"emotion":{"anger":0.0,"contempt":0.0,"disgust":0.0,"fear":0.0,"happiness":0.023,"neutral":0.976,"sadness":0.0,"surprise":0.001}},"checkinEmo":"happiness","checkinImageCrop":"2020-05-25-3-10554526-crop.jpg","camerain":3,"checkout":"16:15","checkoutEmotion":{"gender":"male","age":29.0,"emotion":{"anger":0.001,"contempt":0.0,"disgust":0.0,"fear":0.0,"happiness":0.025,"neutral":0.908,"sadness":0.065,"surprise":0.001}},"checkoutEmo":"sadness","checkoutImageCrop":"2020-05-25-2-16151644-crop.jpg","cameraout":2,"checkoutdatetime":"20200525161516"}
{"_id":{"$oid":"5ecb5a32df114e7270f15d08"},"id":"2506425","checkin":"12:39","checkindatetime":"20200525123957","checkinEmotion":{"gender":"male","age":33.0,"emotion":{"anger":0.0,"contempt":0.002,"disgust":0.0,"fear":0.0,"happiness":0.002,"neutral":0.993,"sadness":0.004,"surprise":0.0}},"checkinEmo":"sadness","checkinImageCrop":"2020-05-25-3-12395720-crop.jpg","camerain":3,"checkout":"","checkoutEmotion":{"gender":"","age":0},"checkoutEmo":"","checkoutImageCrop":"","cameraout":0,"checkoutdatetime":""}
{"_id":{"$oid":"5ecb7f4edf114e7270f21d60"},"id":"2262727","checkin":"15:18","checkindatetime":"20200525151818","checkinEmotion":{"gender":"male","age":33.0,"emotion":{"anger":0.0,"contempt":0.103,"disgust":0.0,"fear":0.0,"happiness":0.001,"neutral":0.895,"sadness":0.002,"surprise":0.0}},"checkinEmo":"contempt","checkinImageCrop":"2020-05-25-3-15181826-crop.jpg","camerain":3,"checkout":"","checkoutEmotion":{"gender":"","age":0},"checkoutEmo":"","checkoutImageCrop":"","cameraout":0,"checkoutdatetime":""}
{"_id":{"$oid":"5ecb88d1df114e7270f246df"},"id":"2237335","checkin":"15:58","checkindatetime":"20200525155853","checkinEmotion":{"gender":"female","age":29.0,"emotion":{"anger":0.0,"contempt":0.002,"disgust":0.0,"fear":0.0,"happiness":0.0,"neutral":0.969,"sadness":0.028,"surprise":0.0}},"checkinEmo":"sadness","checkinImageCrop":"2020-05-25-3-15585344-crop.jpg","camerain":3,"checkout":"","checkoutEmotion":{"gender":"","age":0},"checkoutEmo":"","checkoutImageCrop":"","cameraout":0,"checkoutdatetime":""}
{"_id":{"$oid":"5ecb8ac1df114e7270f24c95"},"id":"2144026","checkin":"16:07","checkindatetime":"20200525160710","checkinEmotion":{"gender":"male","age":39.0,"emotion":{"anger":0.0,"contempt":0.004,"disgust":0.0,"fear":0.0,"happiness":0.0,"neutral":0.93,"sadness":0.066,"surprise":0.0}},"checkinEmo":"sadness","checkinImageCrop":"2020-05-25-3-16071052-crop.jpg","camerain":3,"checkout":"","checkoutEmotion":{"gender":"","age":0},"checkoutEmo":"","checkoutImageCrop":"","cameraout":0,"checkoutdatetime":""}
{"_id":{"$oid":"5ecb8f03df114e7270f26419"},"id":"2262824","checkin":"16:25","checkindatetime":"20200525162515","checkinEmotion":{"gender":"male","age":28,"emotion":{"anger":0,"contempt":0,"disgust":0,"fear":0,"happiness":0,"neutral":1,"sadness":0,"surprise":0}},"checkinEmo":"neutral","checkinImageCrop":"2020-05-25-3-16251526-crop.jpg","camerain":3,"checkout":"16:29","checkoutEmotion":{"gender":"male","age":28,"emotion":{"anger":0,"contempt":0,"disgust":0,"fear":0,"happiness":0,"neutral":1,"sadness":0,"surprise":0}},"checkoutEmo":"neutral","checkoutImageCrop":"2020-05-25-4-16293546-crop.jpg","cameraout":4,"checkoutdatetime":"20200525162935"}
{"_id":{"$oid":"5ecb963bdf114e7270f2f6f1"},"id":"2184520","checkin":"16:56","checkindatetime":"20200525165608","checkinEmotion":{"gender":"female","age":35.0,"emotion":{"anger":0.094,"contempt":0.003,"disgust":0.011,"fear":0.001,"happiness":0.016,"neutral":0.854,"sadness":0.02,"surprise":0.002}},"checkinEmo":"anger","checkinImageCrop":"2020-05-25-3-16560828-crop.jpg","camerain":3,"checkout":"","checkoutEmotion":{"gender":"","age":0},"checkoutEmo":"","checkoutImageCrop":"","cameraout":0,"checkoutdatetime":""}
