{"_id":{"$oid":"5ecf1143df114e7270f70c74"},"id":"2237335","checkin":"08:17","checkindatetime":"20200528081745","checkinEmotion":{"gender":"female","age":26.0,"emotion":{"anger":0.001,"contempt":0.001,"disgust":0.0,"fear":0.0,"happiness":0.0,"neutral":0.914,"sadness":0.085,"surprise":0.0}},"checkinEmo":"sadness","checkinImageCrop":"2020-05-28-3-08174548-crop.jpg","camerain":3,"checkout":"10:14","checkoutEmotion":{"gender":"female","age":32.0,"emotion":{"anger":0.0,"contempt":0.0,"disgust":0.0,"fear":0.0,"happiness":0.0,"neutral":0.981,"sadness":0.018,"surprise":0.0}},"checkoutEmo":"sadness","checkoutImageCrop":"2020-05-28-4-10145120-crop.jpg","cameraout":4,"checkoutdatetime":"20200528101451"}
{"_id":{"$oid":"5ecf19a1df114e7270f70ca3"},"id":"2163502","checkin":"08:53","checkindatetime":"20200528085329","checkinEmotion":{"gender":"male","age":33,"emotion":{"anger":0,"contempt":0,"disgust":0,"fear":0,"happiness":0,"neutral":1,"sadness":0,"surprise":0}},"checkinEmo":"neutral","checkinImageCrop":"2020-05-28-3-0853290-crop.jpg","camerain":3,"checkout":"11:35","checkoutEmotion":{"gender":"male","age":29.0,"emotion":{"anger":0.861,"contempt":0.0,"disgust":0.016,"fear":0.002,"happiness":0.088,"neutral":0.008,"sadness":0.023,"surprise":0.001}},"checkoutEmo":"anger","checkoutImageCrop":"2020-05-28-4-11355440-crop.jpg","cameraout":4,"checkoutdatetime":"20200528113554"}
{"_id":{"$oid":"5ecf19a3df114e7270f70cb8"},"id":"2413213","checkin":"08:53","checkindatetime":"20200528085332","checkinEmotion":{"gender":"female","age":28,"emotion":{"anger":0,"contempt":0,"disgust":0,"fear":0,"happiness":0,"neutral":1,"sadness":0,"surprise":0}},"checkinEmo":"neutral","checkinImageCrop":"2020-05-28-3-08533256-crop.jpg","camerain":3,"checkout":"10:43","checkoutEmotion":{"gender":"female","age":30.0,"emotion":{"anger":0.001,"contempt":0.001,"disgust":0.0,"fear":0.002,"happiness":0.003,"neutral":0.965,"sadness":0.026,"surprise":0.002}},"checkoutEmo":"sadness","checkoutImageCrop":"2020-05-28-4-10433528-crop.jpg","cameraout":4,"checkoutdatetime":"20200528104335"}
{"_id":{"$oid":"5ecf1db0df114e7270f70ce7"},"id":"2262824","checkin":"09:10","checkindatetime":"20200528091048","checkinEmotion":{"gender":"male","age":28,"emotion":{"anger":0,"contempt":0,"disgust":0,"fear":0,"happiness":0,"neutral":1,"sadness":0,"surprise":0}},"checkinEmo":"neutral","checkinImageCrop":"2020-05-28-3-09104848-crop.jpg","camerain":3,"checkout":"","checkoutEmotion":{"gender":"","age":0},"checkoutEmo":"","checkoutImageCrop":"","cameraout":0,"checkoutdatetime":""}
{"_id":{"$oid":"5ecf321edf114e7270f7ece3"},"id":"1433018","checkin":"10:38","checkindatetime":"20200528103801","checkinEmotion":{"gender":"female","age":46.0,"emotion":{"anger":0.001,"contempt":0.0,"disgust":0.001,"fear":0.213,"happiness":0.003,"neutral":0.101,"sadness":0.678,"surprise":0.004}},"checkinEmo":"sadness","checkinImageCrop":"2020-05-28-3-10380112-crop.jpg","camerain":3,"checkout":"","checkoutEmotion":{"gender":"","age":0},"checkoutEmo":"","checkoutImageCrop":"","cameraout":0,"checkoutdatetime":""}
{"_id":{"$oid":"5ecf322edf114e7270f7ee45"},"id":"2075533","checkin":"10:37","checkindatetime":"20200528103758","checkinEmotion":{"gender":"female","age":39,"emotion":{"anger":0,"contempt":0,"disgust":0,"fear":0,"happiness":0,"neutral":1,"sadness":0,"surprise":0}},"checkinEmo":"neutral","checkinImageCrop":"2020-05-28-3-10375816-crop.jpg","camerain":3,"checkout":"","checkoutEmotion":{"gender":"","age":0},"checkoutEmo":"","checkoutImageCrop":"","cameraout":0,"checkoutdatetime":""}
{"_id":{"$oid":"5ecf4359df114e7270fa56cb"},"id":"1576001","checkin":"11:51","checkindatetime":"20200528115130","checkinEmotion":{"gender":"female","age":60.0,"emotion":{"anger":0.006,"contempt":0.0,"disgust":0.002,"fear":0.006,"happiness":0.081,"neutral":0.062,"sadness":0.835,"surprise":0.008}},"checkinEmo":"sadness","checkinImageCrop":"2020-05-28-3-11513032-crop.jpg","camerain":3,"checkout":"","checkoutEmotion":{"gender":"","age":0},"checkoutEmo":"","checkoutImageCrop":"","cameraout":0,"checkoutdatetime":""}
{"_id":{"$oid":"5ecf44c0df114e7270fad9ff"},"id":"2067627","checkin":"11:57","checkindatetime":"20200528115731","checkinEmotion":{"gender":"female","age":50.0,"emotion":{"anger":0.003,"contempt":0.014,"disgust":0.001,"fear":0.0,"happiness":0.07,"neutral":0.908,"sadness":0.004,"surprise":0.0}},"checkinEmo":"happiness","checkinImageCrop":"2020-05-28-3-11573128-crop.jpg","camerain":3,"checkout":"","checkoutEmotion":{"gender":"","age":0},"checkoutEmo":"","checkoutImageCrop":"","cameraout":0,"checkoutdatetime":""}
