{"_id":{"$oid":"5ebca61adf114e7270e33c63"},"id":"2170413","checkin":"08:59","checkindatetime":"20200514085948","checkinMonth":"2020-05","checkinEmotion":{"gender":"female","age":23.0,"emotion":{"anger":0.001,"contempt":0.003,"disgust":0.0,"fear":0.0,"happiness":0.143,"neutral":0.85,"sadness":0.002,"surprise":0.001},"blur":{"blurLevel":"low","value":0.0}},"checkinEmo":"happiness","checkinImageCrop":"2020-05-14-1-0859486-crop.jpg","camerain":1,"checkout":"","checkoutEmotion":{"gender":"","age":0},"checkoutEmo":"","checkoutImageCrop":"","cameraout":0,"checkoutdatetime":"","checkoutMonth":""}
{"_id":{"$oid":"5ebca705df114e7270e33c70"},"id":"1976807","checkin":"09:03","checkindatetime":"20200514090344","checkinMonth":"2020-05","checkinEmotion":{"gender":"female","age":19,"emotion":{"anger":0,"contempt":0,"disgust":0,"fear":0,"happiness":0,"neutral":1,"sadness":0,"surprise":0}},"checkinEmo":"neutral","checkinImageCrop":"2020-05-14-1-09034415-crop.jpg","camerain":1,"checkout":"","checkoutEmotion":{"gender":"","age":0},"checkoutEmo":"","checkoutImageCrop":"","cameraout":0,"checkoutdatetime":"","checkoutMonth":""}
{"_id":{"$oid":"5ebca718df114e7270e33c78"},"id":"2262824","checkin":"09:04","checkindatetime":"20200514090403","checkinMonth":"2020-05","checkinEmotion":{"gender":"female","age":19,"emotion":{"anger":0,"contempt":0,"disgust":0,"fear":0,"happiness":0,"neutral":1,"sadness":0,"surprise":0}},"checkinEmo":"neutral","checkinImageCrop":"2020-05-14-1-09040349-crop.jpg","camerain":1,"checkout":"","checkoutEmotion":{"gender":"","age":0},"checkoutEmo":"","checkoutImageCrop":"","cameraout":0,"checkoutdatetime":"","checkoutMonth":""}
{"_id":{"$oid":"5ebca8f2df114e7270e33c87"},"id":"2515908","checkin":"09:11","checkindatetime":"20200514091158","checkinMonth":"2020-05","checkinEmotion":{"gender":"female","age":24.0,"emotion":{"anger":0.0,"contempt":0.004,"disgust":0.0,"fear":0.0,"happiness":0.008,"neutral":0.984,"sadness":0.004,"surprise":0.0},"blur":{"blurLevel":"low","value":0.0}},"checkinEmo":"happiness","checkinImageCrop":"2020-05-14-1-09115881-crop.jpg","camerain":1,"checkout":"","checkoutEmotion":{"gender":"","age":0},"checkoutEmo":"","checkoutImageCrop":"","cameraout":0,"checkoutdatetime":"","checkoutMonth":""}
{"_id":{"$oid":"5ebcaa26df114e7270e33c94"},"id":"1433018","checkin":"09:17","checkindatetime":"20200514091706","checkinMonth":"2020-05","checkinEmotion":{"gender":"female","age":21.0,"emotion":{"anger":0.0,"contempt":0.0,"disgust":0.0,"fear":0.0,"happiness":0.025,"neutral":0.95,"sadness":0.022,"surprise":0.002},"blur":{"blurLevel":"high","value":1.0}},"checkinEmo":"happiness","checkinImageCrop":"2020-05-14-1-09170633-crop.jpg","camerain":1,"checkout":"","checkoutEmotion":{"gender":"","age":0},"checkoutEmo":"","checkoutImageCrop":"","cameraout":0,"checkoutdatetime":"","checkoutMonth":""}
{"_id":{"$oid":"5ebcaa51df114e7270e33c9d"},"id":"1674425","checkin":"09:17","checkindatetime":"20200514091750","checkinMonth":"2020-05","checkinEmotion":{"gender":"female","age":50.0,"emotion":{"anger":0.0,"contempt":0.0,"disgust":0.0,"fear":0.0,"happiness":0.952,"neutral":0.039,"sadness":0.008,"surprise":0.0},"blur":{"blurLevel":"low","value":0.0}},"checkinEmo":"happiness","checkinImageCrop":"2020-05-14-1-09175023-crop.jpg","camerain":1,"checkout":"","checkoutEmotion":{"gender":"","age":0},"checkoutEmo":"","checkoutImageCrop":"","cameraout":0,"checkoutdatetime":"","checkoutMonth":""}
{"_id":{"$oid":"5ebcb220df114e7270e33d00"},"id":"2515326","checkin":"09:51","checkindatetime":"20200514095107","checkinMonth":"2020-05","checkinEmotion":{"gender":"female","age":22.0,"emotion":{"anger":0.021,"contempt":0.0,"disgust":0.002,"fear":0.003,"happiness":0.01,"neutral":0.541,"sadness":0.002,"surprise":0.422},"blur":{"blurLevel":"low","value":0.14}},"checkinEmo":"surprise","checkinImageCrop":"2020-05-14-1-09510751-crop.jpg","camerain":1,"checkout":"","checkoutEmotion":{"gender":"","age":0},"checkoutEmo":"","checkoutImageCrop":"","cameraout":0,"checkoutdatetime":"","checkoutMonth":""}
{"_id":{"$oid":"5ebcb85ddf114e7270e33d24"},"id":"1733701","checkin":"10:17","checkindatetime":"20200514101745","checkinMonth":"2020-05","checkinEmotion":{"gender":"male","age":25.0,"emotion":{"anger":0.001,"contempt":0.001,"disgust":0.0,"fear":0.001,"happiness":0.795,"neutral":0.193,"sadness":0.007,"surprise":0.002},"blur":{"blurLevel":"low","value":0.1}},"checkinEmo":"happiness","checkinImageCrop":"2020-05-14-1-10174583-crop.jpg","camerain":1,"checkout":"","checkoutEmotion":{"gender":"","age":0},"checkoutEmo":"","checkoutImageCrop":"","cameraout":0,"checkoutdatetime":"","checkoutMonth":""}
{"_id":{"$oid":"5ebcbb1bdf114e7270e33d3a"},"id":"1433406","checkin":"10:29","checkindatetime":"20200514102927","checkinMonth":"2020-05","checkinEmotion":{"gender":"female","age":51.0,"emotion":{"anger":0.0,"contempt":0.0,"disgust":0.0,"fear":0.0,"happiness":0.0,"neutral":0.997,"sadness":0.003,"surprise":0.0},"blur":{"blurLevel":"low","value":0.0}},"checkinEmo":"sadness","checkinImageCrop":"2020-05-14-1-10292717-crop.jpg","camerain":1,"checkout":"","checkoutEmotion":{"gender":"","age":0},"checkoutEmo":"","checkoutImageCrop":"","cameraout":0,"checkoutdatetime":"","checkoutMonth":""}
{"_id":{"$oid":"5ebcca5cdf114e7270e33db2"},"id":"2237335","checkin":"11:34","checkindatetime":"20200514113433","checkinMonth":"2020-05","checkinEmotion":{"gender":"male","age":29.0,"emotion":{"anger":0.001,"contempt":0.003,"disgust":0.0,"fear":0.005,"happiness":0.56,"neutral":0.424,"sadness":0.003,"surprise":0.004},"blur":{"blurLevel":"low","value":0.03}},"checkinEmo":"happiness","checkinImageCrop":"2020-05-14-1-11343348-crop.jpg","camerain":1,"checkout":"","checkoutEmotion":{"gender":"","age":0},"checkoutEmo":"","checkoutImageCrop":"","cameraout":0,"checkoutdatetime":"","checkoutMonth":""}
{"_id":{"$oid":"5ebccc2fdf114e7270e33dc9"},"id":"1537934","checkin":"11:42","checkindatetime":"20200514114220","checkinMonth":"2020-05","checkinEmotion":{"gender":"male","age":22.0,"emotion":{"anger":0.002,"contempt":0.0,"disgust":0.0,"fear":0.007,"happiness":0.625,"neutral":0.332,"sadness":0.007,"surprise":0.027},"blur":{"blurLevel":"medium","value":0.53}},"checkinEmo":"happiness","checkinImageCrop":"2020-05-14-1-11422043-crop.jpg","camerain":1,"checkout":"","checkoutEmotion":{"gender":"","age":0},"checkoutEmo":"","checkoutImageCrop":"","cameraout":0,"checkoutdatetime":"","checkoutMonth":""}
{"_id":{"$oid":"5ebcd11adf114e7270e33ded"},"id":"2006503","checkin":"12:03","checkindatetime":"20200514120319","checkinMonth":"2020-05","checkinEmotion":{"gender":"female","age":32.0,"emotion":{"anger":0.0,"contempt":0.0,"disgust":0.0,"fear":0.0,"happiness":0.002,"neutral":0.991,"sadness":0.0,"surprise":0.006},"blur":{"blurLevel":"low","value":0.0}},"checkinEmo":"surprise","checkinImageCrop":"2020-05-14-1-12031991-crop.jpg","camerain":1,"checkout":"","checkoutEmotion":{"gender":"","age":0},"checkoutEmo":"","checkoutImageCrop":"","cameraout":0,"checkoutdatetime":"","checkoutMonth":""}
