{"_id":{"$oid":"5ec1fd16df114e7270e34bdd"},"id":"2517025","checkin":"10:12","checkindatetime":"20200518101217","checkinMonth":"2020-05","checkinEmotion":{"gender":"male","age":4.0,"emotion":{"anger":0.0,"contempt":0.0,"disgust":0.0,"fear":0.0,"happiness":0.001,"neutral":0.815,"sadness":0.182,"surprise":0.001},"blur":{"blurLevel":"medium","value":0.43}},"checkinEmo":"sadness","checkinImageCrop":"2020-05-18-1-10121794-crop.jpg","camerain":1,"checkout":"","checkoutEmotion":{"gender":"","age":0},"checkoutEmo":"","checkoutImageCrop":"","cameraout":0,"checkoutdatetime":"","checkoutMonth":""}
{"_id":{"$oid":"5ec1fd1fdf114e7270e34be6"},"id":"2506425","checkin":"10:12","checkindatetime":"20200518101228","checkinMonth":"2020-05","checkinEmotion":{"gender":"male","age":4.0,"emotion":{"anger":0.0,"contempt":0.003,"disgust":0.0,"fear":0.0,"happiness":0.49,"neutral":0.507,"sadness":0.0,"surprise":0.0},"blur":{"blurLevel":"medium","value":0.27}},"checkinEmo":"happiness","checkinImageCrop":"2020-05-18-1-10122889-crop.jpg","camerain":1,"checkout":"","checkoutEmotion":{"gender":"","age":0},"checkoutEmo":"","checkoutImageCrop":"","cameraout":0,"checkoutdatetime":"","checkoutMonth":""}
{"_id":{"$oid":"5ec2080bdf114e7270e34c28"},"id":"1433406","checkin":"10:59","checkindatetime":"20200518105903","checkinMonth":"2020-05","checkinEmotion":{"gender":"female","age":31.0,"emotion":{"anger":0.003,"contempt":0.0,"disgust":0.0,"fear":0.0,"happiness":0.013,"neutral":0.982,"sadness":0.001,"surprise":0.0},"blur":{"blurLevel":"medium","value":0.58}},"checkinEmo":"happiness","checkinImageCrop":"2020-05-18-1-10590347-crop.jpg","camerain":1,"checkout":"","checkoutEmotion":{"gender":"","age":0},"checkoutEmo":"","checkoutImageCrop":"","cameraout":0,"checkoutdatetime":"","checkoutMonth":""}
