{"_id":{"$oid":"5eb0ee03df114e7270e31c56"},"id":"1733701","checkin":"11:39","checkindatetime":"20200505113924","checkinMonth":"2020-05","checkinEmotion":{"gender":"male","age":54,"emotion":{"anger":0,"contempt":0,"disgust":0,"fear":0,"happiness":0,"neutral":1,"sadness":0,"surprise":0}},"checkinEmo":"neutral","checkinImageCrop":"2020-05-05-1-11392484-crop.jpg","camerain":1,"checkout":"","checkoutEmotion":{"gender":"","age":0},"checkoutEmo":"","checkoutImageCrop":"","cameraout":0,"checkoutdatetime":"","checkoutMonth":""}
{"_id":{"$oid":"5eb0fc15df114e7270e31c93"},"id":"1433406","checkin":"12:39","checkindatetime":"20200505123927","checkinMonth":"2020-05","checkinEmotion":{"gender":"female","age":47,"emotion":{"anger":0,"contempt":0,"disgust":0,"fear":0,"happiness":0,"neutral":1,"sadness":0,"surprise":0}},"checkinEmo":"neutral","checkinImageCrop":"2020-05-05-1-12392789-crop.jpg","camerain":1,"checkout":"","checkoutEmotion":{"gender":"","age":0},"checkoutEmo":"","checkoutImageCrop":"","cameraout":0,"checkoutdatetime":"","checkoutMonth":""}
{"_id":{"$oid":"5eb11303df114e7270e31cf9"},"id":"1537934","checkin":"14:17","checkindatetime":"20200505141720","checkinMonth":"2020-05","checkinEmotion":{"gender":"male","age":34.0,"emotion":{"anger":0.0,"contempt":0.001,"disgust":0.0,"fear":0.0,"happiness":0.125,"neutral":0.869,"sadness":0.003,"surprise":0.003},"blur":{"blurLevel":"low","value":0.0}},"checkinEmo":"happiness","checkinImageCrop":"2020-05-05-1-14172087-crop.jpg","camerain":1,"checkout":"","checkoutEmotion":{"gender":"","age":0},"checkoutEmo":"","checkoutImageCrop":"","cameraout":0,"checkoutdatetime":"","checkoutMonth":""}
{"_id":{"$oid":"5eb11c9ddf114e7270e31d36"},"id":"2262824","checkin":"14:58","checkindatetime":"20200505145815","checkinMonth":"2020-05","checkinEmotion":{"gender":"male","age":28,"emotion":{"anger":0,"contempt":0,"disgust":0,"fear":0,"happiness":0,"neutral":1,"sadness":0,"surprise":0}},"checkinEmo":"neutral","checkinImageCrop":"2020-05-05-1-14581550-crop.jpg","camerain":1,"checkout":"","checkoutEmotion":{"gender":"","age":0},"checkoutEmo":"","checkoutImageCrop":"","cameraout":0,"checkoutdatetime":"","checkoutMonth":""}
{"_id":{"$oid":"5eb11f05df114e7270e31d52"},"id":"2222718","checkin":"15:08","checkindatetime":"20200505150831","checkinMonth":"2020-05","checkinEmotion":{"gender":"male","age":29,"emotion":{"anger":0,"contempt":0,"disgust":0,"fear":0,"happiness":0,"neutral":1,"sadness":0,"surprise":0}},"checkinEmo":"neutral","checkinImageCrop":"2020-05-05-1-15083140-crop.jpg","camerain":1,"checkout":"","checkoutEmotion":{"gender":"","age":0},"checkoutEmo":"","checkoutImageCrop":"","cameraout":0,"checkoutdatetime":"","checkoutMonth":""}
{"_id":{"$oid":"5eb126afdf114e7270e31dbc"},"id":"2515326","checkin":"15:41","checkindatetime":"20200505154114","checkinMonth":"2020-05","checkinEmotion":{"gender":"female","age":32.0,"emotion":{"anger":0.0,"contempt":0.0,"disgust":0.0,"fear":0.0,"happiness":0.0,"neutral":0.999,"sadness":0.0,"surprise":0.0},"blur":{"blurLevel":"low","value":0.0}},"checkinEmo":"anger","checkinImageCrop":"2020-05-05-1-1541147-crop.jpg","camerain":1,"checkout":"","checkoutEmotion":{"gender":"","age":0},"checkoutEmo":"","checkoutImageCrop":"","cameraout":0,"checkoutdatetime":"","checkoutMonth":""}
{"_id":{"$oid":"5eb13166df114e7270e31de1"},"id":"2515908","checkin":"16:26","checkindatetime":"20200505162658","checkinMonth":"2020-05","checkinEmotion":{"gender":"female","age":21.0,"emotion":{"anger":0.001,"contempt":0.0,"disgust":0.0,"fear":0.0,"happiness":0.492,"neutral":0.497,"sadness":0.0,"surprise":0.01},"blur":{"blurLevel":"low","value":0.0}},"checkinEmo":"happiness","checkinImageCrop":"2020-05-05-1-16265827-crop.jpg","camerain":1,"checkout":"","checkoutEmotion":{"gender":"","age":0},"checkoutEmo":"","checkoutImageCrop":"","cameraout":0,"checkoutdatetime":"","checkoutMonth":""}
