{"_id":{"$oid":"5e9cfa68df114e7270e2d019"},"id":"2262824","checkin":"08:25","checkindatetime":"20200420082533","checkinMonth":"2020-04","checkinEmotion":{"gender":"male","age":26.0,"emotion":{"anger":0.0,"contempt":0.0,"disgust":0.0,"fear":0.0,"happiness":0.004,"neutral":0.991,"sadness":0.003,"surprise":0.001},"blur":{"blurLevel":"low","value":0.0}},"checkinEmo":"happiness","checkinImageCrop":"2020-04-20-1-08253354-crop.jpg","camerain":1,"checkout":"","checkoutEmotion":{"gender":"","age":0},"checkoutEmo":"","checkoutImageCrop":"","cameraout":0,"checkoutdatetime":"","checkoutMonth":""}
{"_id":{"$oid":"5e9cfc01df114e7270e2d026"},"id":"1537934","checkin":"08:33","checkindatetime":"20200420083349","checkinMonth":"2020-04","checkinEmotion":{"gender":"male","age":45.0,"emotion":{"anger":0.0,"contempt":0.0,"disgust":0.0,"fear":0.0,"happiness":0.0,"neutral":0.98,"sadness":0.001,"surprise":0.018},"blur":{"blurLevel":"low","value":0.03}},"checkinEmo":"surprise","checkinImageCrop":"2020-04-20-1-08334955-crop.jpg","camerain":1,"checkout":"","checkoutEmotion":{"gender":"","age":0},"checkoutEmo":"","checkoutImageCrop":"","cameraout":0,"checkoutdatetime":"","checkoutMonth":""}
{"_id":{"$oid":"5e9d3951df114e7270e2d11b"},"id":"2261926","checkin":"12:55","checkindatetime":"20200420125519","checkinMonth":"2020-04","checkinEmotion":{"gender":"female","age":19,"emotion":{"anger":0,"contempt":0,"disgust":0,"fear":0,"happiness":0,"neutral":1,"sadness":0,"surprise":0}},"checkinEmo":"neutral","checkinImageCrop":"2020-04-20-1-12551948-crop.jpg","camerain":1,"checkout":"","checkoutEmotion":{"gender":"","age":0},"checkoutEmo":"","checkoutImageCrop":"","cameraout":0,"checkoutdatetime":"","checkoutMonth":""}
{"_id":{"$oid":"5e9d4eb0df114e7270e2d20a"},"id":"2222718","checkin":"14:26","checkindatetime":"20200420142634","checkinMonth":"2020-04","checkinEmotion":{"gender":"female","age":19,"emotion":{"anger":0,"contempt":0,"disgust":0,"fear":0,"happiness":0,"neutral":1,"sadness":0,"surprise":0}},"checkinEmo":"neutral","checkinImageCrop":"2020-04-20-1-1426349-crop.jpg","camerain":1,"checkout":"","checkoutEmotion":{"gender":"","age":0},"checkoutEmo":"","checkoutImageCrop":"","cameraout":0,"checkoutdatetime":"","checkoutMonth":""}
{"_id":{"$oid":"5e9cf1abdf114e7270e2cff7"},"id":"1433406","checkin":"07:49","checkindatetime":"20200420074943","checkinMonth":"2020-04","checkinEmotion":{"gender":"female","age":48.0,"emotion":{"anger":0.0,"contempt":0.001,"disgust":0.0,"fear":0.0,"happiness":0.0,"neutral":0.782,"sadness":0.217,"surprise":0.0},"blur":{"blurLevel":"low","value":0.0}},"checkinEmo":"sadness","checkinImageCrop":"2020-04-20-1-07494334-crop.jpg","camerain":1,"checkout":"","checkoutEmotion":{"gender":"","age":0},"checkoutEmo":"","checkoutImageCrop":"","cameraout":0,"checkoutdatetime":"","checkoutMonth":""}
