{"_id":{"$oid":"5e9e8750df114e7270e2d554"},"id":"1674425","checkin":"12:40","checkindatetime":"20200421124029","checkinMonth":"2020-04","checkinEmotion":{"gender":"female","age":45.0,"emotion":{"anger":0.0,"contempt":0.0,"disgust":0.0,"fear":0.0,"happiness":0.093,"neutral":0.632,"sadness":0.271,"surprise":0.003},"blur":{"blurLevel":"low","value":0.0}},"checkinEmo":"sadness","checkinImageCrop":"2020-04-21-1-12402928-crop.jpg","camerain":1,"checkout":"","checkoutEmotion":{"gender":"","age":0},"checkoutEmo":"","checkoutImageCrop":"","cameraout":0,"checkoutdatetime":"","checkoutMonth":""}
{"_id":{"$oid":"5e9e892cdf114e7270e2d560"},"id":"2262824","checkin":"12:48","checkindatetime":"20200421124822","checkinMonth":"2020-04","checkinEmotion":{"gender":"male","age":28,"emotion":{"anger":0,"contempt":0,"disgust":0,"fear":0,"happiness":0,"neutral":1,"sadness":0,"surprise":0}},"checkinEmo":"neutral","checkinImageCrop":"2020-04-21-1-12482293-crop.jpg","camerain":1,"checkout":"","checkoutEmotion":{"gender":"","age":0},"checkoutEmo":"","checkoutImageCrop":"","cameraout":0,"checkoutdatetime":"","checkoutMonth":""}
