{"_id":{"$oid":"5eb382fddf114e7270e32417"},"id":"2311622","checkin":"10:39","checkindatetime":"20200507103935","checkinMonth":"2020-05","checkinEmotion":{"gender":"female","age":29.0,"emotion":{"anger":0.0,"contempt":0.0,"disgust":0.0,"fear":0.0,"happiness":0.0,"neutral":0.999,"sadness":0.001,"surprise":0.0},"blur":{"blurLevel":"low","value":0.0}},"checkinEmo":"sadness","checkinImageCrop":"2020-05-07-1-10393532-crop.jpg","camerain":1,"checkout":"","checkoutEmotion":{"gender":"","age":0},"checkoutEmo":"","checkoutImageCrop":"","cameraout":0,"checkoutdatetime":"","checkoutMonth":""}
{"_id":{"$oid":"5eb38d9ddf114e7270e32452"},"id":"1433406","checkin":"11:24","checkindatetime":"20200507112457","checkinMonth":"2020-05","checkinEmotion":{"gender":"female","age":50.0,"emotion":{"anger":0.001,"contempt":0.003,"disgust":0.001,"fear":0.0,"happiness":0.198,"neutral":0.794,"sadness":0.001,"surprise":0.002},"blur":{"blurLevel":"low","value":0.0}},"checkinEmo":"happiness","checkinImageCrop":"2020-05-07-1-11245741-crop.jpg","camerain":1,"checkout":"","checkoutEmotion":{"gender":"","age":0},"checkoutEmo":"","checkoutImageCrop":"","cameraout":0,"checkoutdatetime":"","checkoutMonth":""}
{"_id":{"$oid":"5eb39e09df114e7270e324a0"},"id":"2515326","checkin":"12:35","checkindatetime":"20200507123501","checkinMonth":"2020-05","checkinEmotion":{"gender":"female","age":37.0,"emotion":{"anger":0.0,"contempt":0.014,"disgust":0.0,"fear":0.0,"happiness":0.0,"neutral":0.973,"sadness":0.013,"surprise":0.0},"blur":{"blurLevel":"low","value":0.0}},"checkinEmo":"contempt","checkinImageCrop":"2020-05-07-1-12350191-crop.jpg","camerain":1,"checkout":"","checkoutEmotion":{"gender":"","age":0},"checkoutEmo":"","checkoutImageCrop":"","cameraout":0,"checkoutdatetime":"","checkoutMonth":""}
{"_id":{"$oid":"5eb3a3cedf114e7270e324b9"},"id":"2170413","checkin":"12:59","checkindatetime":"20200507125937","checkinMonth":"2020-05","checkinEmotion":{"gender":"female","age":23.0,"emotion":{"anger":0.001,"contempt":0.24,"disgust":0.001,"fear":0.0,"happiness":0.006,"neutral":0.731,"sadness":0.02,"surprise":0.001},"blur":{"blurLevel":"low","value":0.0}},"checkinEmo":"contempt","checkinImageCrop":"2020-05-07-1-12593792-crop.jpg","camerain":1,"checkout":"","checkoutEmotion":{"gender":"","age":0},"checkoutEmo":"","checkoutImageCrop":"","cameraout":0,"checkoutdatetime":"","checkoutMonth":""}