{"_id":{"$oid":"5ec5cac0df114e7270e6b962"},"id":"1796136","checkin":"07:25","checkindatetime":"20200521072554","checkinEmotion":{"gender":"female","age":55.0,"emotion":{"anger":0.0,"contempt":0.0,"disgust":0.0,"fear":0.0,"happiness":1.0,"neutral":0.0,"sadness":0.0,"surprise":0.0}},"checkinEmo":"happiness","checkinImageCrop":"2020-05-21-3-07255422-crop.jpg","camerain":3,"checkout":"","checkoutEmotion":{"gender":"","age":0},"checkoutEmo":"","checkoutImageCrop":"","cameraout":0,"checkoutdatetime":""}
{"_id":{"$oid":"5ec5daacdf114e7270e6b9da"},"id":"2067627","checkin":"08:34","checkindatetime":"20200521083433","checkinEmotion":{"gender":"female","age":45.0,"emotion":{"anger":0.001,"contempt":0.003,"disgust":0.0,"fear":0.0,"happiness":0.0,"neutral":0.9,"sadness":0.095,"surprise":0.0}},"checkinEmo":"sadness","checkinImageCrop":"2020-05-21-3-08343318-crop.jpg","camerain":3,"checkout":"","checkoutEmotion":{"gender":"","age":0},"checkoutEmo":"","checkoutImageCrop":"","cameraout":0,"checkoutdatetime":""}
{"_id":{"$oid":"5ec5e11ddf114e7270e6b9fa"},"id":"1576001","checkin":"09:01","checkindatetime":"20200521090159","checkinEmotion":{"gender":"female","age":61.0,"emotion":{"anger":0.002,"contempt":0.0,"disgust":0.0,"fear":0.0,"happiness":0.0,"neutral":0.881,"sadness":0.116,"surprise":0.0}},"checkinEmo":"sadness","checkinImageCrop":"2020-05-21-3-09015928-crop.jpg","camerain":3,"checkout":"","checkoutEmotion":{"gender":"","age":0},"checkoutEmo":"","checkoutImageCrop":"","cameraout":0,"checkoutdatetime":""}
{"_id":{"$oid":"5ec5e45cdf114e7270e6ba1d"},"id":"2126709","checkin":"09:15","checkindatetime":"20200521091551","checkinEmotion":{"gender":"male","age":44.0,"emotion":{"anger":0.0,"contempt":0.001,"disgust":0.0,"fear":0.0,"happiness":0.282,"neutral":0.705,"sadness":0.011,"surprise":0.0}},"checkinEmo":"happiness","checkinImageCrop":"2020-05-21-3-09155148-crop.jpg","camerain":3,"checkout":"","checkoutEmotion":{"gender":"","age":0},"checkoutEmo":"","checkoutImageCrop":"","cameraout":0,"checkoutdatetime":""}
{"_id":{"$oid":"5ec5eaaddf114e7270e6ba6e"},"id":"1976807","checkin":"09:42","checkindatetime":"20200521094250","checkinEmotion":{"gender":"female","age":48.0,"emotion":{"anger":0.001,"contempt":0.006,"disgust":0.0,"fear":0.0,"happiness":0.001,"neutral":0.983,"sadness":0.009,"surprise":0.0}},"checkinEmo":"sadness","checkinImageCrop":"2020-05-21-3-09425052-crop.jpg","camerain":3,"checkout":"","checkoutEmotion":{"gender":"","age":0},"checkoutEmo":"","checkoutImageCrop":"","cameraout":0,"checkoutdatetime":""}
{"_id":{"$oid":"5ec5ed7cdf114e7270e6ba95"},"id":"2222718","checkin":"09:54","checkindatetime":"20200521095449","checkinEmotion":{"gender":"male","age":27.0,"emotion":{"anger":0.0,"contempt":0.002,"disgust":0.0,"fear":0.0,"happiness":0.0,"neutral":0.888,"sadness":0.11,"surprise":0.0}},"checkinEmo":"sadness","checkinImageCrop":"2020-05-21-3-09544930-crop.jpg","camerain":3,"checkout":"","checkoutEmotion":{"gender":"","age":0},"checkoutEmo":"","checkoutImageCrop":"","cameraout":0,"checkoutdatetime":""}
{"_id":{"$oid":"5ec5f046df114e7270e6bac4"},"id":"1917128","checkin":"10:06","checkindatetime":"20200521100642","checkinEmotion":{"gender":"female","age":57.0,"emotion":{"anger":0.0,"contempt":0.0,"disgust":0.0,"fear":0.0,"happiness":0.005,"neutral":0.994,"sadness":0.0,"surprise":0.0}},"checkinEmo":"happiness","checkinImageCrop":"2020-05-21-3-10064258-crop.jpg","camerain":3,"checkout":"","checkoutEmotion":{"gender":"","age":0},"checkoutEmo":"","checkoutImageCrop":"","cameraout":0,"checkoutdatetime":""}
{"_id":{"$oid":"5ec5fe2adf114e7270e6bba3"},"id":"2311622","checkin":"11:05","checkindatetime":"20200521110558","checkinEmotion":{"gender":"female","age":38.0,"emotion":{"anger":0.0,"contempt":0.0,"disgust":0.0,"fear":0.0,"happiness":0.0,"neutral":0.989,"sadness":0.01,"surprise":0.0}},"checkinEmo":"sadness","checkinImageCrop":"2020-05-21-1-11055812-crop.jpg","camerain":1,"checkout":"","checkoutEmotion":{"gender":"","age":0},"checkoutEmo":"","checkoutImageCrop":"","cameraout":0,"checkoutdatetime":""}
{"_id":{"$oid":"5ec607fbdf114e7270e6bbdc"},"id":"1433406","checkin":"11:47","checkindatetime":"20200521114733","checkinEmotion":{"gender":"female","age":62.0,"emotion":{"anger":0.0,"contempt":0.026,"disgust":0.0,"fear":0.0,"happiness":0.001,"neutral":0.967,"sadness":0.001,"surprise":0.005}},"checkinEmo":"contempt","checkinImageCrop":"2020-05-21-1-11473312-crop.jpg","camerain":1,"checkout":"","checkoutEmotion":{"gender":"","age":0},"checkoutEmo":"","checkoutImageCrop":"","cameraout":0,"checkoutdatetime":""}
