{"_id":{"$oid":"5ec327b8df114e7270e3c055"},"id":"1537934","checkin":"07:26","checkindatetime":"20200519072621","checkinMonth":"2020-05","checkinEmotion":{"gender":"male","age":59,"emotion":{"anger":0,"contempt":0,"disgust":0,"fear":0,"happiness":0,"neutral":1,"sadness":0,"surprise":0}},"checkinEmo":"neutral","checkinImageCrop":"2020-05-19-1-07262118-crop.jpg","camerain":1,"checkout":"","checkoutEmotion":{"gender":"","age":0},"checkoutEmo":"","checkoutImageCrop":"","cameraout":0,"checkoutdatetime":"","checkoutMonth":""}
{"_id":{"$oid":"5ec32e42df114e7270e3c083"},"id":"1674425","checkin":"07:54","checkindatetime":"20200519075422","checkinEmotion":{"gender":"male","age":40.0,"emotion":{"anger":0.0,"contempt":0.0,"disgust":0.0,"fear":0.0,"happiness":0.0,"neutral":0.948,"sadness":0.052,"surprise":0.0},"blur":{"blurLevel":"low","value":0.05}},"checkinEmo":"sadness","checkinImageCrop":"2020-05-19-1-07542210-crop.jpg","camerain":1,"checkout":"","checkoutEmotion":{"gender":"","age":0},"checkoutEmo":"","checkoutImageCrop":"","cameraout":0,"checkoutdatetime":""}
{"_id":{"$oid":"5ec32f5adf114e7270e3c0ba"},"id":"2515326","checkin":"07:59","checkindatetime":"20200519075902","checkinEmotion":{"gender":"female","age":32.0,"emotion":{"anger":0.0,"contempt":0.0,"disgust":0.0,"fear":0.0,"happiness":1.0,"neutral":0.0,"sadness":0.0,"surprise":0.0},"blur":{"blurLevel":"low","value":0.0}},"checkinEmo":"happiness","checkinImageCrop":"2020-05-19-1-0759027-crop.jpg","camerain":1,"checkout":"","checkoutEmotion":{"gender":"","age":0},"checkoutEmo":"","checkoutImageCrop":"","cameraout":0,"checkoutdatetime":""}
{"_id":{"$oid":"5ec3547ddf114e7270e3d07d"},"id":"1433018","checkin":"10:37","checkindatetime":"20200519103728","checkinEmotion":{"gender":"female","age":29.0,"emotion":{"anger":0.0,"contempt":0.028,"disgust":0.0,"fear":0.0,"happiness":0.016,"neutral":0.937,"sadness":0.019,"surprise":0.0},"blur":{"blurLevel":"low","value":0.22}},"checkinEmo":"contempt","checkinImageCrop":"2020-05-19-1-10372859-crop.jpg","camerain":1,"checkout":"","checkoutEmotion":{"gender":"","age":0},"checkoutEmo":"","checkoutImageCrop":"","cameraout":0,"checkoutdatetime":""}
{"_id":{"$oid":"5ec35885df114e7270e3d6ab"},"id":"2170413","checkin":"10:54","checkindatetime":"20200519105442","checkinEmotion":{"gender":"female","age":24.0,"emotion":{"anger":0.0,"contempt":0.001,"disgust":0.001,"fear":0.001,"happiness":0.002,"neutral":0.911,"sadness":0.07,"surprise":0.015},"blur":{"blurLevel":"low","value":0.0}},"checkinEmo":"sadness","checkinImageCrop":"2020-05-19-1-10544250-crop.jpg","camerain":1,"checkout":"","checkoutEmotion":{"gender":"","age":0},"checkoutEmo":"","checkoutImageCrop":"","cameraout":0,"checkoutdatetime":""}
{"_id":{"$oid":"5ec36784df114e7270e44153"},"id":"1433406","checkin":"11:58","checkindatetime":"20200519115840","checkinEmotion":{"gender":"female","age":50.0,"emotion":{"anger":0.0,"contempt":0.001,"disgust":0.0,"fear":0.0,"happiness":0.85,"neutral":0.149,"sadness":0.0,"surprise":0.001},"blur":{"blurLevel":"low","value":0.2}},"checkinEmo":"happiness","checkinImageCrop":"2020-05-19-1-11584049-crop.jpg","camerain":1,"checkout":"","checkoutEmotion":{"gender":"","age":0},"checkoutEmo":"","checkoutImageCrop":"","cameraout":0,"checkoutdatetime":""}
