{"_id":{"$oid":"5ea792b8df114e7270e30334"},"id":"1537934","checkin":"09:19","checkindatetime":"20200428091930","checkinMonth":"2020-04","checkinEmotion":{"gender":"male","age":59,"emotion":{"anger":0,"contempt":0,"disgust":0,"fear":0,"happiness":0,"neutral":1,"sadness":0,"surprise":0}},"checkinEmo":"neutral","checkinImageCrop":"2020-04-28-1-09193071-crop.jpg","camerain":1,"checkout":"","checkoutEmotion":{"gender":"","age":0},"checkoutEmo":"","checkoutImageCrop":"","cameraout":0,"checkoutdatetime":"","checkoutMonth":""}
{"_id":{"$oid":"5ea7a546df114e7270e30378"},"id":"1433018","checkin":"10:38","checkindatetime":"20200428103842","checkinMonth":"2020-04","checkinEmotion":{"gender":"female","age":24.0,"emotion":{"anger":0.005,"contempt":0.001,"disgust":0.003,"fear":0.001,"happiness":0.295,"neutral":0.651,"sadness":0.04,"surprise":0.004},"blur":{"blurLevel":"medium","value":0.63}},"checkinEmo":"happiness","checkinImageCrop":"2020-04-28-1-10384272-crop.jpg","camerain":1,"checkout":"","checkoutEmotion":{"gender":"","age":0},"checkoutEmo":"","checkoutImageCrop":"","cameraout":0,"checkoutdatetime":"","checkoutMonth":""}
{"_id":{"$oid":"5ea7a9b6df114e7270e30395"},"id":"2515326","checkin":"10:57","checkindatetime":"20200428105738","checkinMonth":"2020-04","checkinEmotion":{"gender":"female","age":31.0,"emotion":{"anger":0.0,"contempt":0.001,"disgust":0.0,"fear":0.0,"happiness":0.0,"neutral":0.977,"sadness":0.022,"surprise":0.0},"blur":{"blurLevel":"low","value":0.01}},"checkinEmo":"sadness","checkinImageCrop":"2020-04-28-1-10573890-crop.jpg","camerain":1,"checkout":"","checkoutEmotion":{"gender":"","age":0},"checkoutEmo":"","checkoutImageCrop":"","cameraout":0,"checkoutdatetime":"","checkoutMonth":""}
{"_id":{"$oid":"5ea7ab67df114e7270e303a2"},"id":"1976807","checkin":"11:04","checkindatetime":"20200428110451","checkinMonth":"2020-04","checkinEmotion":{"gender":"female","age":33.0,"emotion":{"anger":0.0,"contempt":0.002,"disgust":0.0,"fear":0.0,"happiness":0.395,"neutral":0.603,"sadness":0.0,"surprise":0.0},"blur":{"blurLevel":"low","value":0.17}},"checkinEmo":"happiness","checkinImageCrop":"2020-04-28-1-11045140-crop.jpg","camerain":1,"checkout":"","checkoutEmotion":{"gender":"","age":0},"checkoutEmo":"","checkoutImageCrop":"","cameraout":0,"checkoutdatetime":"","checkoutMonth":""}
{"_id":{"$oid":"5ea7aee3df114e7270e303b8"},"id":"1674425","checkin":"11:19","checkindatetime":"20200428111943","checkinMonth":"2020-04","checkinEmotion":{"gender":"female","age":49.0,"emotion":{"anger":0.0,"contempt":0.0,"disgust":0.0,"fear":0.0,"happiness":0.0,"neutral":0.984,"sadness":0.015,"surprise":0.0},"blur":{"blurLevel":"low","value":0.1}},"checkinEmo":"sadness","checkinImageCrop":"2020-04-28-1-11194394-crop.jpg","camerain":1,"checkout":"","checkoutEmotion":{"gender":"","age":0},"checkoutEmo":"","checkoutImageCrop":"","cameraout":0,"checkoutdatetime":"","checkoutMonth":""}
{"_id":{"$oid":"5ea7e204df114e7270e3048e"},"id":"2262824","checkin":"14:57","checkindatetime":"20200428145750","checkinMonth":"2020-04","checkinEmotion":{"gender":"male","age":26.0,"emotion":{"anger":0.009,"contempt":0.003,"disgust":0.001,"fear":0.0,"happiness":0.045,"neutral":0.931,"sadness":0.01,"surprise":0.002},"blur":{"blurLevel":"low","value":0.0}},"checkinEmo":"happiness","checkinImageCrop":"2020-04-28-1-14575078-crop.jpg","camerain":1,"checkout":"","checkoutEmotion":{"gender":"","age":0},"checkoutEmo":"","checkoutImageCrop":"","cameraout":0,"checkoutdatetime":"","checkoutMonth":""}
{"_id":{"$oid":"5ea7f6abdf114e7270e304f2"},"id":"2170413","checkin":"16:26","checkindatetime":"20200428162600","checkinMonth":"2020-04","checkinEmotion":{"gender":"female","age":23.0,"emotion":{"anger":0.001,"contempt":0.002,"disgust":0.0,"fear":0.001,"happiness":0.018,"neutral":0.904,"sadness":0.074,"surprise":0.001},"blur":{"blurLevel":"medium","value":0.55}},"checkinEmo":"sadness","checkinImageCrop":"2020-04-28-1-16260069-crop.jpg","camerain":1,"checkout":"","checkoutEmotion":{"gender":"","age":0},"checkoutEmo":"","checkoutImageCrop":"","cameraout":0,"checkoutdatetime":"","checkoutMonth":""}
