{"_id":{"$oid":"5ea10214df114e7270e2f159"},"id":"1537934","checkin":"09:48","checkindatetime":"20200423094843","checkinMonth":"2020-04","checkinEmotion":{"gender":"male","age":59,"emotion":{"anger":0,"contempt":0,"disgust":0,"fear":0,"happiness":0,"neutral":1,"sadness":0,"surprise":0}},"checkinEmo":"neutral","checkinImageCrop":"2020-04-23-1-09484362-crop.jpg","camerain":1,"checkout":"","checkoutEmotion":{"gender":"","age":0},"checkoutEmo":"","checkoutImageCrop":"","cameraout":0,"checkoutdatetime":"","checkoutMonth":""}
{"_id":{"$oid":"5ea11410df114e7270e2f1a7"},"id":"1433406","checkin":"11:05","checkindatetime":"20200423110531","checkinMonth":"2020-04","checkinEmotion":{"gender":"female","age":31.0,"emotion":{"anger":0.0,"contempt":0.003,"disgust":0.0,"fear":0.0,"happiness":0.346,"neutral":0.651,"sadness":0.0,"surprise":0.0},"blur":{"blurLevel":"low","value":0.0}},"checkinEmo":"happiness","checkinImageCrop":"2020-04-23-1-11053147-crop.jpg","camerain":1,"checkout":"","checkoutEmotion":{"gender":"","age":0},"checkoutEmo":"","checkoutImageCrop":"","cameraout":0,"checkoutdatetime":"","checkoutMonth":""}
{"_id":{"$oid":"5ea11a98df114e7270e2f1c6"},"id":"2262824","checkin":"11:33","checkindatetime":"20200423113323","checkinMonth":"2020-04","checkinEmotion":{"gender":"male","age":28,"emotion":{"anger":0,"contempt":0,"disgust":0,"fear":0,"happiness":0,"neutral":1,"sadness":0,"surprise":0}},"checkinEmo":"neutral","checkinImageCrop":"2020-04-23-1-11332316-crop.jpg","camerain":1,"checkout":"","checkoutEmotion":{"gender":"","age":0},"checkoutEmo":"","checkoutImageCrop":"","cameraout":0,"checkoutdatetime":"","checkoutMonth":""}
{"_id":{"$oid":"5ea135eddf114e7270e2f217"},"id":"2515326","checkin":"13:30","checkindatetime":"20200423133000","checkinMonth":"2020-04","checkinEmotion":{"gender":"female","age":35.0,"emotion":{"anger":0.0,"contempt":0.001,"disgust":0.0,"fear":0.0,"happiness":0.001,"neutral":0.996,"sadness":0.001,"surprise":0.0},"blur":{"blurLevel":"low","value":0.0}},"checkinEmo":"contempt","checkinImageCrop":"2020-04-23-1-13300046-crop.jpg","camerain":1,"checkout":"","checkoutEmotion":{"gender":"","age":0},"checkoutEmo":"","checkoutImageCrop":"","cameraout":0,"checkoutdatetime":"","checkoutMonth":""}
{"_id":{"$oid":"5ea14ceddf114e7270e2f271"},"id":"2506425","checkin":"15:08","checkindatetime":"20200423150809","checkinMonth":"2020-04","checkinEmotion":{"gender":"male","age":22.0,"emotion":{"anger":0.001,"contempt":0.001,"disgust":0.002,"fear":0.0,"happiness":0.426,"neutral":0.561,"sadness":0.009,"surprise":0.0},"blur":{"blurLevel":"low","value":0.0}},"checkinEmo":"happiness","checkinImageCrop":"2020-04-23-1-15080992-crop.jpg","camerain":1,"checkout":"","checkoutEmotion":{"gender":"","age":0},"checkoutEmo":"","checkoutImageCrop":"","cameraout":0,"checkoutdatetime":"","checkoutMonth":""}
{"_id":{"$oid":"5ea14d1cdf114e7270e2f27a"},"id":"2517025","checkin":"15:08","checkindatetime":"20200423150857","checkinMonth":"2020-04","checkinEmotion":{"gender":"male","age":30.0,"emotion":{"anger":0.001,"contempt":0.014,"disgust":0.001,"fear":0.0,"happiness":0.033,"neutral":0.945,"sadness":0.006,"surprise":0.0},"blur":{"blurLevel":"low","value":0.19}},"checkinEmo":"happiness","checkinImageCrop":"2020-04-23-1-15085760-crop.jpg","camerain":1,"checkout":"","checkoutEmotion":{"gender":"","age":0},"checkoutEmo":"","checkoutImageCrop":"","cameraout":0,"checkoutdatetime":"","checkoutMonth":""}
