{"_id":{"$oid":"5eb4e47cdf114e7270e32833"},"id":"1433406","checkin":"11:47","checkindatetime":"20200508114752","checkinMonth":"2020-05","checkinEmotion":{"gender":"female","age":53.0,"emotion":{"anger":0.0,"contempt":0.0,"disgust":0.0,"fear":0.0,"happiness":0.002,"neutral":0.994,"sadness":0.0,"surprise":0.004},"blur":{"blurLevel":"low","value":0.01}},"checkinEmo":"surprise","checkinImageCrop":"2020-05-08-1-11475231-crop.jpg","camerain":1,"checkout":"","checkoutEmotion":{"gender":"","age":0},"checkoutEmo":"","checkoutImageCrop":"","cameraout":0,"checkoutdatetime":"","checkoutMonth":""}
{"_id":{"$oid":"5eb4f4f2df114e7270e32867"},"id":"2170413","checkin":"12:58","checkindatetime":"20200508125801","checkinMonth":"2020-05","checkinEmotion":{"gender":"female","age":23.0,"emotion":{"anger":0.0,"contempt":0.001,"disgust":0.0,"fear":0.0,"happiness":0.739,"neutral":0.259,"sadness":0.001,"surprise":0.0},"blur":{"blurLevel":"low","value":0.0}},"checkinEmo":"happiness","checkinImageCrop":"2020-05-08-1-12580138-crop.jpg","camerain":1,"checkout":"","checkoutEmotion":{"gender":"","age":0},"checkoutEmo":"","checkoutImageCrop":"","cameraout":0,"checkoutdatetime":"","checkoutMonth":""}
{"_id":{"$oid":"5eb5140ddf114e7270e328c2"},"id":"2185224","checkin":"15:10","checkindatetime":"20200508151049","checkinMonth":"2020-05","checkinEmotion":{"gender":"female","age":23.0,"emotion":{"anger":0.013,"contempt":0.003,"disgust":0.002,"fear":0.002,"happiness":0.005,"neutral":0.965,"sadness":0.008,"surprise":0.002},"blur":{"blurLevel":"medium","value":0.54}},"checkinEmo":"anger","checkinImageCrop":"2020-05-08-1-15104979-crop.jpg","camerain":1,"checkout":"","checkoutEmotion":{"gender":"","age":0},"checkoutEmo":"","checkoutImageCrop":"","cameraout":0,"checkoutdatetime":"","checkoutMonth":""}
